{"header":{"url":"https:\/\/kecamatancaringin.id\/index.php\/api\/pelanggan\/customer?token=","content_type":"text\/html","http_code":301,"header_size":350,"request_size":188,"filetime":-1,"ssl_verify_result":0,"redirect_count":0,"total_time":0.174989,"namelookup_time":0.034858,"connect_time":0.046725,"pretransfer_time":0.112364,"size_upload":0,"size_download":707,"speed_download":4063,"speed_upload":0,"download_content_length":707,"upload_content_length":-1,"starttransfer_time":0.174942,"redirect_time":0,"redirect_url":"https:\/\/kecamatancaringin.id\/public\/?token=","primary_ip":"103.251.44.216","certinfo":[],"primary_port":443,"local_ip":"192.168.2.87","local_port":64609,"http_version":3,"protocol":2,"ssl_verifyresult":0,"scheme":"HTTPS","appconnect_time_us":110657,"connect_time_us":46725,"namelookup_time_us":34858,"pretransfer_time_us":112364,"redirect_time_us":0,"starttransfer_time_us":174942,"total_time_us":174989},"body":"<!DOCTYPE html>\n<html style=\"height:100%\">\n<head>\n<meta name=\"viewport\" content=\"width=device-width, initial-scale=1, shrink-to-fit=no\" \/>\n<title> 301 Moved Permanently\r\n<\/title><\/head>\n<body style=\"color: #444; margin:0;font: normal 14px\/20px Arial, Helvetica, sans-serif; height:100%; background-color: #fff;\">\n<div style=\"height:auto; min-height:100%; \">     <div style=\"text-align: center; width:800px; margin-left: -400px; position:absolute; top: 30%; left:50%;\">\n        <h1 style=\"margin:0; font-size:150px; line-height:150px; font-weight:bold;\">301<\/h1>\n<h2 style=\"margin-top:20px;font-size: 30px;\">Moved Permanently\r\n<\/h2>\n<p>The document has been permanently moved.<\/p>\n<\/div><\/div><\/body><\/html>\n"}